Model,MAE,RMSE,MAPE
SeasonalNaive,2079.464384625,2631.1832807790183,4.28%
MSTL,2714.6571739171127,3492.4549214488966,5.56%
AutoETS,6087.679335423675,7191.18896119197,13.14%
